Média de Notas,Gênero,Café da Manhã,Calorias por Dia,Calorias -tipo de pão,Café,Comida de Conforto,Codificação razões para Comida de Conforto,Cozinhar,Culinária,diet_current,Codificação dieta Atual,Bebida,Mudanças na Alimentação,Comer Fora,Emprego,Exercício,Culinária Favorita,Comida Favorita,Comida na Infância,Batata Frita,Frutas por Dia,Nível Escolar,Comida Grega,Sensação de Saúde,Refeição Saudável,Dieta Ideal,Renda,Comida Indiana,Comida Italiana,Vida Gratificante, Estado Civil, Refeições - Jantar com Amigos,Profissão da Mãe,Verificação Nutricional,Pais Cozinham,Pagar Refeição Fora,Autopercepção do Peso,Esportes,Tipo de Esportes,Vegetais por Dia,Vitaminas,Peso
2.4,2,1,,315.0,1,none,9.0,2.0,,eat good and exercise,1,1.0,1,3,3.0,1.0,3,1.0,rice  and chicken ,2,5,2,5,2,looks not oily ,being healthy ,5.0,5,5,1.0,1.0,"rice, chicken,  soup",unemployed,5,1,2,3.0,1.0,car racing,5,1,187
3.654,1,1,3.0,420.0,2,"chocolate, chips, ice cream",1.0,3.0,1.0,I eat about three times a day with some snacks. I try to eat healthy but it doesn't always work out that- sometimes eat fast food and mainly eat at Laker/ Egan ,2,2.0,2,2,2.0,1.0,1,1.0,"chicken and biscuits, beef soup, baked beans",1,4,4,4,5,"Grains, Veggies, (more of grains and veggies), small protein and fruit with dairy ","Try to eat 5-6 small meals a day. While trying to properly distribute carbs, protein, fruits, veggies, and dairy.  ",4.0,4,4,1.0,2.0,"Pasta, steak, chicken ",Nurse RN ,4,1,4,3.0,1.0,Basketball ,4,2,155
3.3,1,1,4.0,420.0,2,"frozen yogurt, pizza, fast food",1.0,1.0,3.0,"toast and fruit for breakfast, salad for lunch, usually grilled chicken and veggies (or some variation) for dinner",3,1.0,3,2,3.0,2.0,1,3.0,"mac and cheese, pizza, tacos",1,5,3,5,6,usually includes natural ingredients; nonprocessed food,i would say my ideal diet is my current diet,6.0,5,5,7.0,2.0,"chicken and rice with veggies, pasta, some kind of healthy recipe",owns business,4,1,3,6.0,2.0,none,5,1,I'm not answering this. 
3.2,1,1,3.0,420.0,2,"Pizza, Mac and cheese, ice cream",2.0,2.0,2.0,"College diet, cheap and easy foods most nights. Weekends traditionally, cook better homemade meals  ",2,2.0,3,2,3.0,3.0,3,1.0,"Beef stroganoff, tacos, pizza",2,4,4,5,7,"Fresh fruits& vegetables, organic meats ","Healthy, fresh veggies/fruits & organic foods ",6.0,5,5,2.0,2.0,"Grilled chicken Stuffed ShellsHomemade Chili",Special Education Teacher,2,1,2,5.0,2.0,,3,1,"Not sure, 240"
3.5,1,1,2.0,420.0,2,"Ice cream, chocolate, chips ",1.0,1.0,2.0,I try to eat healthy but often struggle because of living on campus. I still try to keep the choices I do make balanced with fruits and vegetables and limit the sweats. ,2,2.0,4,2,2.0,1.0,1,3.0,"Pasta, chicken tender, pizza ",1,4,4,4,6,"A lean protein such as grilled chicken, green vegetables and  brown rice or other whole grain ",Ideally I would like to be able to eat healthier foods in order to loose weight. ,6.0,2,5,1.0,1.0,"Chicken Parmesan, Pulled Pork, Spaghetti and meatballs ",Substance Abuse Conselor,3,1,4,4.0,1.0,Softball,4,2,190
2.25,1,1,3.0,980.0,2,"Candy, brownies and soda.",4.0,3.0,,My current diet is terrible. I barely have time to eat a meal in a day. When i do eat it's mostly not healthy.,2,2.0,3,1,3.0,2.0,6,3.0,"Fries, plaintain & fried fish",1,2,2,2,4,"Requires veggies, fruits and a cooked meal. ",My ideal diet is to eat 3 times a day including breakfast on time. Eat healthy food. ,1.0,5,5,4.0,2.0,Anything they'd want. I'd ask them before hand what they want to eat and it depends on which type of friend is coming.,Hair Braider,1,2,5,5.0,2.0,None.,1,2,190
3.8,2,1,3.0,420.0,2,"Chocolate, ice cream, french fries, pretzels",1.0,2.0,1.0,"I eat a lot of chicken and broccoli for dinner, and usually tuna sandwiches for lunch.",3,1.0,5,2,3.0,1.0,4,1.0,"grilled chicken, hamburgers",1,4,4,5,4,"Protein, vegetables, fruit, and some carbs","I would ideally like to eat more fresh fruits and vegetables. However, its difficult to get to the store all the time to buy fresh.",4.0,5,5,8.0,1.0,"Grilled chicken, steak, pizza",Journalist,4,2,2,4.0,1.0,soccer,4,1,180
3.3,1,1,3.0,420.0,1,"Ice cream, cheeseburgers, chips.",1.0,3.0,1.0,"I eat a very healthy diet. Ocassionally, i will eat out and get unhealthy food.",1,2.0,5,2,2.0,2.0,5,1.0,"chicken, cheesey potatoes, and hot dogs",1,5,2,3,3,A healthy meal has a piece of meat followed by a lot of fruit and veggies,My ideal diet is filled with a lot of fruit and chicken. I also really enjoy eggs any type of way with toast.,5.0,1,3,3.0,1.0,"chicken, steak, pasta ",cook,4,1,5,3.0,2.0,none,4,2,137
3.3,1,1,,420.0,1,"Donuts, ice cream, chips",2.0,3.0,1.0,I eat whatever I want in moderation.,1,1.0,8,5,2.0,,1,3.0,"Shrimp, spaghetti",1,4,1,5,7,Colorful,The same as it is now.,5.0,5,5,8.0,2.0,"Pasta, Fish, Steak",Elementary School Teacher,2,2,3,4.0,2.0,none,3,2,180
3.3,1,1,3.0,315.0,2,"Mac and cheese, chocolate, and pasta ",1.0,3.0,1.0,"I eat healthy all the time when possible. I treat myself occasionally. I don't really like the greasy meals, if anything I would eat sweets over the greasy meals.  ",1,1.0,3,3,3.0,1.0,1,1.0,"Pasta, Eggs, Pancakes ",1,5,1,5,3,Chicken and rice with a side of veggies. ,"Lots of protein, carbs, and fruits and veggies. ",4.0,4,5,3.0,2.0,pasta salad and bread,Pharmaceutical rep,5,3,3,3.0,1.0,field hockey,5,1,125
3.5,1,1,3.0,980.0,2,"Pasta, grandma homemade chocolate cake anything homemade ",2.0,1.0,1.0,i eat very healthy. Maybe eat out 1-2 times a week.,1,2.0,4,2,1.0,1.0,4,1.0,Chicken,1,5,3,1,9,"Chicken, and veggies ","Chicken, fish ",3.0,1,5,8.0,1.0,"chicken al king, spaghetti, fish",Chidos Cleaners,2,1,2,1.0,1.0,soccer,5,2,116
3.904,1,1,4.0,420.0,2,"chocolate, pasta, soup, chips, popcorn",3.0,3.0,1.0,"I am very health concious. I eat many fruits, veggies, and protiens. ",1,1.0,5,1,2.0,1.0,1,1.0,Scalloped potatoes and ham ,1,5,2,5,1,"lean protein, veggies, fruit, complex carbs",More healthy varienty. ,5.0,5,5,1.0,2.0,"Chicken parm, Fish, Pasta dishes ",Court Reporter ,5,1,3,2.0,1.0,Running,5,1,110
3.4,2,1,3.0,420.0,2,"Cookies, popcorn, and chips",3.0,5.0,1.0,I focus mostly on proteins and fruits. I eat a lot less vegetables and a few carbohydrates.,1,2.0,5,1,3.0,3.0,4,3.0,"Pizza, chicken wings, and corn on the cob ",1,4,1,3,9,A salad with a reasonable amount of dressing and a meat.,My ideal diet would be the proper portions of all food categories. I would also like to eat proteins around my workouts and avoid all deserts.,5.0,3,4,9.0,2.0,"Cereal, pizza, toast ",Child care provider ,2,2,2,5.0,1.0,Soccer and basketball ,3,2,264
3.6,1,1,3.0,420.0,2,"ice cream, cake, chocolate",1.0,2.0,1.0,Not as healthy when I am at school compared to home. Still very aware of the nutrition I am taking in.,2,2.0,3,4,2.0,2.0,1,1.0,"steak, lasagna, crab",1,5,3,4,8,Lots of vegetabls with some grains like rice. Also has lean meat such as fish or chicken.,organic/healthy. fruits and vegetables but still protein to give sustainance. ,5.0,3,5,10.0,2.0,"pasta, chicken, steak",business owner,2,2,3,3.0,1.0,intramural volleyball,5,2,123
3.1,2,1,3.0,420.0,2,"Pizza, fruit, spaghetti, chicken and Potatoes  ",2.0,3.0,1.0,"Making sure I have enough protein intake, as well with fibre, vitamins and carbs. ",1,2.0,4,2,3.0,2.0,4,3.0,Pizza,1,5,3,4,2,Green and not greasy,"Eat a little less than I usually do, and intaking more protein. ",5.0,2,3,1.0,1.0,"Pizza, chicken and rice, roast beef.",Charity worker,2,2,3,3.0,1.0,Hockey,5,1,185
,2,2,,980.0,2,"cookies, donuts, candy bars",2.0,4.0,1.0,I like a lot of foods that arent home cooked or healthy for you.,2,2.0,4,4,3.0,1.0,1,2.0,pizza,1,3,1,1,6,"chicken, veggies, rice",I wish I ate lots of healthy foods like veggies and salads. ,4.0,1,5,,2.0,pizza buffalo chicken pasta,Librarian,1,2,3,2.0,1.0,Hockey,1,2,180
4,1,1,3.0,420.0,1,"Saltfish, Candy and Kit Kat ",1.0,3.0,,I eat very healthy ,1,1.0,5,1,2.0,2.0,7,1.0,"Curry, Stew Chicken and Saltfish",1,5,1,2,7,"Not too much carbs, a lot of protein, healthy fats and fruits and vegs ",Vegetables and Fruits with Meat ,1.0,5,3,9.0,2.0,"Curry goat, saltfish, jerk chicken ",Police,4,2,2,3.0,2.0,,5,1,145
3.6,2,1,3.0,980.0,2,"chips, cookies, ice cream",2.0,3.0,1.0,My current diet is eggs and a meat every morning for breakfast. For lunch ill usually have some pasta or rice with a meat and sometimes a side of veggies. for dinner i usually eat less carbs and more protein and veggies. ,3,2.0,2,2,3.0,1.0,5,3.0,"chicken fingers, steak, mac and cheese",1,3,1,3,8,"for me usually a big piece of chicken or steak with a side of veggies, and i usually have rice with mine as well","I like how my diet it now. However, after my season i am going to cut back on some carbs because i won't be working out as much.",6.0,3,5,7.0,2.0,Grilled chicken or steak with veggies and rice. or some type of pasta and chicken ,stay at home mom,4,1,6,2.0,1.0,hockey,4,2,170
3.4,1,1,3.0,980.0,1,"Chocolate, ice crea ",3.0,3.0,1.0,I eat lots of fruit and veggies. I eat lots of chicken.,1,1.0,6,3,2.0,3.0,5,3.0,Chicken,1,5,2,3,6,Everything from food group ,Lots of fruit and veggies. Lots of chicken.,5.0,1,5,9.0,2.0,"Spaghetti, Chicken, Steak",Daycare provider,2,1,2,3.0,2.0,dancing ,5,1,135
2.2,2,1,2.0,420.0,2,"pizza, wings, Chinese",2.0,4.0,1.0,Current diet right now isn't very good. I eat at the school's cafeteria and they do not have the best choices.,2,2.0,4,2,3.0,2.0,1,1.0,manacotti,1,2,1,3,4,"lots of fruits and vegitibles, not any fried foods",Something that tastes good and also is good for you. This is very hard to find though.,5.0,2,5,7.0,1.0,"chicken, manicotti, rice",physical therapist,1,1,3,4.0,,basketball,2,2,165
3.3,2,1,3.0,980.0,2,"Fast food, pizza, subs",7.0,5.0,1.0,"I eat 2 meals a day, lunch and dinner",2,2.0,3,4,2.0,1.0,2,3.0,"pizza, chicken fingers",1,2,2,2,5,"Rice, Meat, vegetable",3 smaller meals a day,6.0,1,4,2.0,1.0,"Chicken, Pasta, Veal",Teacher,2,1,2,6.0,1.0,Soccer,3,2,175
3.87,2,1,3.0,315.0,1,"chocolate, sweets, ice cream",2.0,3.0,3.0,"Random. Not strict diet, changes during season",2,,8,1,2.0,1.0,8,2.0,Pasta,1,3,4,5,8,Green and colourful,"Mix of Mexican, Asian, and Italian foods.",6.0,5,5,7.0,2.0,"Meat, wine, chocolate pudding",House wife,4,3,5,2.0,1.0,Tennis,2,2,195
3.7,2,1,3.0,420.0,1,"burgers, chips, cookies",3.0,5.0,2.0,balanced ,1,1.0,3,1,2.0,1.0,1,1.0,pasta,2,4,1,4,2,"pasta. veg, water ","fruit, veg and protien ",6.0,5,5,5.0,1.0,"pasta, pizza ",Underwiriter ,3,3,5,2.0,1.0,tennis soccer gym,3,1,185
3.7,2,2,3.0,420.0,2,"Chilli, soup, pot pie",1.0,4.0,1.0,2 meals a day. Rarely eat snacks. Fairly balanced diet. ,1,1.0,7,2,2.0,3.0,4,1.0,Chicken Nuggets,1,3,3,2,4,"Protein, vegetables, grains ",3 healthy meals a day. No caffiene. ,4.0,4,5,5.0,1.0,"Pizza, Pasta, Poutine",Beautician ,2,2,3,3.0,1.0,Gaelic Football,4,1,185
3.9,1,1,2.0,420.0,2,"Soup, pasta, brownies, cake",6.0,1.0,1.0,I eat a lot of chicken and try to cook my own meals as much as possible using a lot of rice and vegetables.,1,2.0,2,4,3.0,,4,1.0,Spaghetti ,1,4,3,5,5,A healthy meal is a lean meat with mostly vegetables and a starch like brown rice or quinoa.,I would like to be a person to eat a larger vegetable based diet with little to no processed products in my diet especially sugar and salt.,4.0,3,5,2.0,2.0,"Pasta, chicken and rice, and soup",Unemployed,2,1,3,4.0,2.0,none,4,2,105
2.8,1,2,3.0,420.0,2,"chocolate, ice cream/milkshake, cookies",2.0,3.0,1.0,"vegetarian, eat breakfast some days before class, can eat a lot of junk food so I refrain from allowing myself to buy any",1,1.0,4,2,3.0,1.0,0,3.0,"Chicken parm, beef stroganof, tacos",1,4,1,3,8,"good portions, lots of color, targets main food groups","healthy, colorful, tasty, room for desserts",6.0,3,3,5.0,1.0,"PastaTake out",Medical biller,4,1,3,3.0,1.0,Ice hockey,3,2,125
3.7,2,1,2.0,420.0,1,"Chips, ice cream, microwaveable foods ",2.0,3.0,1.0,"Most healthy diet, but since I'm an athlete have room for some bad foods to burn off quickly ",1,1.0,3,2,2.0,1.0,1,1.0,"Chicken Parm, Pizza ",1,3,2,1,9,"A rice, a vegetable, a piece of meat ","Very healthy diet, and to cook at home with organic foods. ",5.0,1,5,9.0,2.0,Chicken parm ,Doctors Billing Assiant ,2,1,4,2.0,1.0,Hockey,3,2,160
3,2,1,4.0,980.0,2,"Chicken fingers, pizza ",2.0,4.0,1.0,Very healthy. Good balance of proteins and vegetables ,1,2.0,5,2,3.0,1.0,2,1.0,Steak,1,5,1,3,9,"Salad, vegetable, carb, protein ",My current diet,6.0,3,4,9.0,2.0,"Steak, lobster, chicken ",Dentist ,4,1,6,2.0,1.0,Lacrosse ,5,1,175
3.2,2,1,2.0,420.0,2,"cookies, hot chocolate, beef jerky",2.0,2.0,2.0,Whats necessary for survival.  ,2,1.0,3,2,2.0,2.0,1,1.0,"Deer Steak, Buttered Pasta, Garlic Pasta",1,3,3,1,4,"Protein, vegetable and grains",Steak and Burgers,5.0,1,5,3.0,1.0,"Garlic noodles and steak, Parmesan chicken and pasta, Tacos and pasta",Air Traffic Controller,5,1,3,3.0,2.0,,2,1,180
3.5,2,1,2.0,420.0,2,"Tomato soup, pizza, Fritos, Meatball sub, Dr. Pepper",2.0,3.0,,anything and everything,2,2.0,3,5,3.0,2.0,8,1.0,"Crab legs, Mushroom soup, homemade rolls",1,5,3,3,9,"Grilled chicken, mac and cheese, broccoli, apple, milk","Heavy in protein, fruits, and vegetables. ",5.0,5,5,10.0,1.0,"Tomato soup, Steak, crab",Strategic Planning and Programs Manager,2,1,4,2.0,2.0,,4,1,167
4,1,1,3.0,420.0,2,"cookies, mac-n-cheese, brownies, french fries, ",1.0,3.0,1.0,I eat some vegetables almost everyday and fruit a couple of times a week. I eat meat a few times a week. I dont eat fast food and try to limit fried food.,1,1.0,7,3,2.0,2.0,2,2.0,"french fries, waffles, chocolate",1,3,4,2,7,"whole grain carbs, vegetables, a small amount of protein",I would eat enough fruits and vegetables everyday. I would have home cooked food at least 5 days a week. I wouldnt like sugar so much.,5.0,3,4,8.0,2.0,"pasta, chicken with potatoes, pizza ",teacher,4,3,3,3.0,1.0,snowboarding,5,1,115
4,2,1,3.0,420.0,2,"chips and dip, pepsi, ",1.0,2.0,1.0,"Diet consists of 3000-4000 calories a day well rounded from meats, vegetables, and fruit.",2,2.0,4,2,3.0,2.0,1,1.0,chicken and biscuits,1,5,2,5,5,"4-6 ounces chicken or fish, side of potatoes, and green beans","diet of 1500-2000 calories of white meat, vegetables, and fruit that are all fresh and not processed",4.0,4,5,3.0,1.0,"Chicken, Steak, Pasta",management,4,1,3,4.0,2.0,none organized,5,1,205
3.4,2,1,3.0,315.0,2,"Grandma's Chinese, Peruvian food from back home, and sushi",4.0,5.0,,"Not that balanced, but I try not to eat fatty or fried foods.",2,2.0,3,3,2.0,,2,,"Spaghetti, Chicken, Won Tons",1,4,4,5,5,Plenty of greens and lean proteins,"Plenty of protein, carbs from vegetables and fruits, and healthy fats.",5.0,5,5,8.0,1.0,"Pasta,Sushi,Steak",Lawyer,4,3,4,4.0,1.0,Soccer,5,1,
2.8,1,1,3.0,420.0,1,"Ice cream, cookies,  Chinese food, and chicken nuggets ",2.0,4.0,2.0,I eat a a lot of carbs from pizza and pasta. I also eat a lot of cookies. ,2,1.0,3,2,3.0,3.0,1,1.0,"Chicken Nuggets, Mac and Cheese, and pasta",1,3,1,5,7,A balance of vegetables and cooked lean meat.,my ideal diet would be more fruits and vegetables. Also less desserts. ,3.0,2,5,3.0,1.0,"Chicken Parmesan, pasta,  ",unemployed,4,1,3,3.0,2.0,,3,1,128
3.65,1,1,3.0,420.0,2,"french fries, chips, ice cream",2.0,4.0,1.0,egan dining,2,1.0,3,3,3.0,1.0,1,3.0,"hamburgers, chicken nuggets ",1,5,1,3,1,a lot of greens,healthy and protien,6.0,1,5,3.0,1.0,"pasta, lasagna, chicken ",stylist,4,5,4,2.0,1.0,softball,4,1,150
3,1,1,2.0,420.0,2,"mac n cheese, peanut butter and banana sandwich, omelet",2.0,1.0,1.0,"A lot of rice and veggies, eggs for breakfast, chicken is usually the only kind of meat I eat.",3,1.0,3,2,3.0,1.0,5,1.0,"chicken, pasta, stir fry",1,5,3,3,2,"Some kind of protein, a vegetable, and a grain",Pretty much what I eat now,4.0,1,5,3.0,2.0,"Some kind of pasta, a chicken dish, some kind of salad",Works in retail,2,1,3,2.0,1.0,Lacrosse,5,2,150
3.7,1,1,3.0,420.0,2,"pizza, doughnuts, mcdonalds ",2.0,3.0,,"I eat out more often then not. I try to make sure when I eat out it isn't fast food, but instead something healthy like Panera. ",2,2.0,8,4,2.0,1.0,1,3.0,"pizza, pasta, grilled cheese ",1,5,2,3,7,"a meal with a meat, vegetable, grain, and fruit ",I wish I had the time and energy to cook more at home on my own. ,6.0,2,5,7.0,1.0,"spaghetti or pasta, shrimp fried rice, chicken ",Homemaker ,3,2,3,4.0,1.0,Softball ,5,2,150
3.4,1,1,4.0,420.0,2,"chocolate, chips, candy",1.0,2.0,6.0,"I do not get to eat as well as I did.  I wish I ate better, but in college it is hard because of money.",2,2.0,3,2,2.0,3.0,1,1.0,Pasta,1,3,4,5,4,"A protein, starch, veg, and a healthier dessert. ",I would like to get all of the food groups in each day.  ,6.0,3,5,2.0,2.0,"Pasta, Pizza, Chicken ",Head of Human Resouces,4,1,4,4.0,1.0,Dancing,4,2,170
3.89,1,1,3.0,980.0,2,"chocolate, popcorn, ice cream",2.0,3.0,1.0,I eat three meals per day usually. I eat a lot of sandwiches and fruit.,1,1.0,2,2,3.0,2.0,1,1.0,chicken parmesan,1,4,4,3,6,a lean protein plus the addition of 2-3 fruits and vegetables,My ideal diet would be eating multiple fruits and vegetables at each meal. Also I would only eat lean protein if possible.,5.0,3,5,8.0,2.0,"Chicken Parmesan, Orange Chicken, Tacos",Accountant,4,1,3,4.0,1.0,Lacrosse,3,2,150
3,2,1,,980.0,2,"CandyPopChocolate Chipotle Moe's ",9.0,5.0,1.0,Unhealthy foods from the cafe ,2,2.0,2,5,3.0,1.0,2,1.0,Chicken and steak ,1,5,4,1,3,Chicken breast with veggies ,"Red and white meats, potatoes, green beans ",6.0,3,4,5.0,2.0,"Steak and potatoes, burgers and fries, bacon and eggs ",Marketing Analyst,1,3,3,1.0,1.0,Hockey,3,2,175
3.4,2,1,3.0,315.0,1,"Pizza, Ice cream, fries, cereal, cookies  ",3.0,3.0,1.0,"I will eat a full bleakest every morning consisting of eggs, potatoes, and a type of meat with juice. I will have a sandwich or something light for lunch. For dinner I will have meat and vegetables of some sort.  ",3,2.0,9,2,3.0,1.0,1,1.0,"pizza, ice cream. pop tarts ",1,3,1,5,10,A meal with all of the food groups. ,Idealy I would have basically the same breakfast as I do now just with more fruits. For lunch I would have more vegetables and fruits. For dinner I would have the same.   ,6.0,3,5,8.0,1.0,"Pizza, Japanize Hibachi, Moes   ",Middle school teacher,3,1,3,2.0,1.0,wrestling ,4,2,140
2.9,1,1,4.0,980.0,2,"Ice cream, chocolate, twizzlers ",5.0,2.0,1.0,I eat food ,4,1.0,3,4,2.0,1.0,1,1.0,Mac cheese ,1,5,2,5,6,a salad with chicken and 2 tablespoons of salad dressing ,I to eat enough food to sustain me throughout the entire day ,3.0,3,5,4.0,1.0,"Chicken, Pasta, Salad",Art teacher ,4,1,3,6.0,2.0,,5,1,120
3.6,1,1,3.0,420.0,2,"ice cream, cookie dough, cookies, cheese",2.0,4.0,1.0,"Light breakfast, yogurt or grandola bar. No luch but (healthy) snacks throughout this time period until dinner. Full dinner with meat, vegetables and fruit.",2,2.0,3,2,2.0,,1,1.0,"French Toast, Grilled Cheese, Orange Chicken",1,5,2,5,6,"Grilled chicken, side salad, rice and broccoli and cranberries",Same as above but with a more concrete lunch. Cut down on excessive snacking. ,6.0,4,5,7.0,1.0,"Pancakes, Pasta, Grilled Cheese and Soup",Account Clerical ,1,2,3,3.0,2.0,,4,2,135
3.5,1,1,2.0,980.0,1,"ice cream, cereal, and salt and vinegar chips ",3.0,3.0,1.0,"It needs some re-structuring. Mostly, I eat well but I would like to improve on my water, fruit and veggie consumption. ",2,1.0,5,1,,,4,3.0,"pickles, chinese food, pizza",1,4,3,5,6,It is probably more on the green side and there is less fryed or overly seasoned food. There would be more organic foods rather than processed foods. ,"My ideal diet involves organic foods, more nuts, fruits, veggies and water and a complete absence of processed foods, genetically enhanced foods or fast foods. My ideal diet would be one that involves foods that are grown by me or close to me and one that is essentially best for my health.",3.0,5,5,8.0,2.0,"pasta, soup, steak  ",Caretaker,3,1,2,,2.0,no particular engagement ,4,1,100
3.2,1,1,4.0,420.0,2,"Potato chips, ice cream, chocolate, cookies",1.0,1.0,1.0,"I am on a very balanced diet, eating 4-5 small meals a day filled with fruits, vegetables, lean meat, and good carbs. ",1,1.0,4,2,2.0,1.0,4,1.0,"Mac and Cheese, Hot Dogs, Grilled Cheese",1,5,4,5,8,Mostly green!,"My ideal diet would be to be a vegetarian; however, considering my highly active lifestyle island strength requirement I need as much ""real"" protein I can get. ",5.0,5,5,10.0,1.0,"Steak, asparagus and potatoes, homemade chicken alfredo, Mexican cuisine",Secretary,4,1,6,3.0,1.0,Volleyball,5,1,170
3.605,1,1,3.0,315.0,2,"Mac and cheese, fried chicken, cornbread ",4.0,3.0,1.0,"Healthy, includes many fruits and vegetables. Probably too many carbs. ",1,1.0,5,2,2.0,,1,1.0,"Hamloaf, tuna fish salad, mac and cheese ",1,5,2,5,3,Colorful ,"The same as my current diet, maybe less carbs. ",6.0,5,5,3.0,2.0,"Tacos, spaghetti, grilled cheese",Registered Nurse,2,2,4,1.0,2.0,none,5,2,113
3.8,2,1,2.0,420.0,1,"popcorn, chips, candy, & fries ",3.0,3.0,1.0,At school I eat a lot of pizza or burgers with fries. Occasionally I try to have a salad or a fruit juice with this. I also try to eat more of a home cooked meal with vegetables.,2,2.0,2,2,2.0,2.0,1,1.0,"chicken soup,  perogies, & roast beef  ",1,4,1,4,4,A meal that you have cooked yourself without a lot of grease or fat in it.  ,More of a home cooked meal that is not very greasy. Also includes more fruits and vegetables. ,4.0,3,5,4.0,1.0,"Spaghetti, steak, burgers ",telemarketer ,3,2,3,3.0,1.0,soccer ,4,2,168
2.8,2,1,,980.0,2,"Chex-mix, Wegmans cookies, Cheez-Its ",2.0,4.0,1.0,lots of pasta and carbs along with lean meats. Also at time some soda and junk food,2,1.0,3,2,,1.0,1,3.0,"lasagna, meatloaf, pizza",1,5,1,3,8,"good balance between meats, grains, fruits, vegetables, carbs, and dairy products ",To cut out the junk food and eat more meat and less pasta. Also eat more fruits and vegetables  ,6.0,2,4,9.0,1.0,"lasagna,  hamburgers w/ corn, steak  ",nurse,2,1,3,2.0,1.0,wrestling & rowing,5,2,145
3.5,2,2,,315.0,1,"pizza, ice cream, chips",1.0,4.0,1.0,"My current diet consists of cafeteria food, which isn't necessarily ideal. I try to eat as healthy as possible but I find myself turning to unhealthy food more often than healthy.",2,2.0,3,2,3.0,1.0,4,1.0,"Tacos, Spaghetti, and Roast",1,5,2,4,2,one that is well balanced and consists on main food groups,One that consists of a lot of mean and also fruits and vegetables. Drink a lot of water as well.,5.0,4,5,3.0,1.0,"Steak, Chicken, Tacos",Banker,3,1,3,1.0,1.0,Wrestling,5,1,155
3.83,2,1,3.0,315.0,2,"fried chicken. mashed potatoes, mac and cheese",5.0,3.0,2.0,I eat alot carbs. Protein (meat) is beautiful.,2,1.0,3,2,,2.0,1,1.0,"mac and cheease, mashed potatoes, salmon",1,3,3,4,9,lots of green and color.,I would eat more veggies with a equal balance of carbs and protein. More international flavors would be great.,3.0,4,5,9.0,2.0,"pizza, pasta, burgers",Office assistant,2,2,6,1.0,2.0,none,3,2,150
3.6,2,1,3.0,420.0,2,"Popcorn, Chex Mix, Pizza",1.0,5.0,1.0,Healthier than most but not 100% clean.,1,1.0,5,2,3.0,1.0,5,2.0,Pizza,1,4,3,1,8,"Balance of veggies, white meat, fruits, and grains.","No artificial sugars, only natural foods.",1.0,1,3,8.0,1.0,"Pizza, salad",Secretary,5,1,3,3.0,2.0,,5,2,169
3.3,2,1,4.0,980.0,1,Burger,5.0,3.0,1.0,Great ,4,1.0,3,3,3.0,1.0,0,1.0,Steak ,1,5,2,5,8,Chicken ,Organic ,6.0,5,5,8.0,1.0,"Steak, Chicken, Pasta ",Stay home,5,1,3,2.0,1.0,Hockey,4,1,185
3.3,2,1,4.0,420.0,2,"Pizza, chocolate, and ice cream ",2.0,1.0,1.0,My diet is mostly chicken rice and veggies. I mix in fruit between workouts and snacks like power bars and what not. ,3,1.0,3,5,,1.0,2,1.0,"Grilled chicken, pasta, and turkey ",1,5,2,5,1,Low carbs and high protein ,One that maintains my goal weight. But also produces enough daily energy. ,5.0,3,5,5.0,1.0,Chicken Parm,Unemployed ,5,1,3,2.0,1.0,Lacrosse ,5,2,200
3.292,2,1,,980.0,2,"fries, chips, fried chicken, pizza, grapes",2.0,4.0,1.0,65 and out,4,2.0,4,3,,,5,3.0,"Chicken, Pizza, Cherry tomatoes",1,4,4,4,5,"Grilled, natural ingredients, and no carbonated beverages",Blend of instant gratification and healthy choices sourced sustainably,3.0,2,5,1.0,1.0,"Pizza, Steak, Spaghetti","Counseling, Teaching, Geologist, Psychic",1,1,3,4.0,2.0,,4,1,265
3.5,2,1,3.0,420.0,2,"peanut butter sandwich, pretzals, garlic bread",1.0,1.0,2.0,Very healthy and clean. A lot of protein and vegetables,1,1.0,5,3,3.0,1.0,1,1.0,Chicken Alfredo,2,5,2,5,10,High protein and vegetables,Clean diet. High protein intake.,6.0,4,5,10.0,1.0,"Chicken, Steak, Pasta",Teacher,4,1,6,2.0,1.0,hockey,5,1,165
3.35,1,2,2.0,315.0,2,"chips, dip, fries, pizza",2.0,3.0,,What ever the dinning hall is serving. When i am hungry i look for something filling more then healthy. ,2,2.0,10,5,3.0,1.0,1,1.0,steak and cheesy potatoes,1,4,1,3,8,"the different colors of the rain bow. protein, fruit, veggies",My ideal diet is to eat less fast food in a week. Also to add something healthy like salad  to every meal or to have a salad for a meal. ,3.0,2,5,8.0,1.0,"mac n cheese, steak, potatos",factory worker,3,2,2,3.0,1.0,softball,4,2,192
3.8,2,1,4.0,315.0,2,"Pizza, Ice Cream, Chicken Wings",2.0,3.0,1.0,I usually eat very healthy. I incorporate fresh fruits and vegetables into every meal.,1,1.0,5,4,3.0,1.0,4,1.0,Meatloaf,1,5,4,4,1,Low protein and carbs and high in vegetables and fruits.,My ideal diet is to cut back on my meat intake and substitute it for other protein sources such as fish or tuna.,6.0,5,5,1.0,1.0,"Chicken, Beef, Steak",Nurse,4,1,4,2.0,1.0,Hockey,5,1,175
2.8,1,1,4.0,980.0,2,Pizza chocolate chips bagels ice Capps ,9.0,2.0,1.0,I eat very heathy on a daily basis ,1,1.0,5,3,2.0,1.0,5,3.0,Pizza pasta and quesadillas ,2,4,2,5,9,Chicken and broccoli ,"Fruits and vegetables, wheat bread, peanut butter, protein bars, protein shakes ",5.0,2,5,10.0,1.0,"chicken, pizza, stuffed shells",Sales,5,1,3,2.0,1.0,softball,4,1,140
3.5,1,1,3.0,420.0,2,"Chocolate, ice cream, pasta",1.0,1.0,2.0,"For breakfast I have oatmeal. For lunch I have a sandwich and fruit. For dinner I usually have a piece of meat, rice or pasta, and a vegetable. ",3,2.0,11,2,2.0,2.0,2,1.0,Steak,2,5,3,5,4,"Fruit, vegetables, and protien",Ideally my diet would be similar to what I eat now. If I wasn't on a college budget I could spend more money on nicer meat and vegetables which would make my meals a lot better.,5.0,5,5,1.0,1.0,"steak, noodles, edemame",Elementary School Principal,2,1,4,3.0,1.0,Skiing,5,1,155
3.7,1,1,,420.0,2,Mac n Cheese. Chips and salsa. Ice cream. ,2.0,2.0,1.0,Simple breakfast of cereal or yogurt. Lunch is something like a deli meat sandwich. Dinner is a full meal. Veggies meat and starch. ,3,2.0,11,2,3.0,,1,3.0,Mac and cheese ,1,5,4,5,7,Proper serving sizes of almost anything ,Less cheese than I eat. ,6.0,5,5,10.0,1.0,Steak and veggies. Chicken and rice. Stirfry. ,Real Estate Agent ,2,2,3,3.0,1.0,skiing ,4,2,155
3.6,1,1,4.0,420.0,2,"peanut butter, dessets, pretzels. ",3.0,2.0,1.0,"My diet consists of fruits, vegetables, grains, dairy, and proteins.",1,2.0,4,5,3.0,1.0,2,1.0,lasagna,1,5,1,4,3,Half the plate fruit and vegetables. Other half grains and protein. Then a little dairy. ,The way I eat now I think is pretty good.,6.0,1,5,5.0,1.0,"Lasagna, steak, chili ",X-ray tech,4,1,3,2.0,1.0,Water polo and running ,5,1,135
Personal ,1,1,2.0,980.0,2,"Macaroons, truffles, peanut butter n chocolate ice cream",3.0,2.0,,"My diet is pretty healthy and consists of chicken, turcky, and veggies. I rarely eat unhealthy food or fast food.",1,1.0,5,2,2.0,2.0,2,2.0,Chocolate,2,3,4,3,2,"chicken, veggies, fruit, water ","My ideal diet would be to add more fruits and veggies. Also, to go to the gym more but school gets in the way. ",4.0,2,4,5.0,2.0,"I would say ""lets go out""",Respiratory Therapist,4,1,2,2.0,2.0,,3,1,118
3.9,2,1,4.0,980.0,2,"ice cream, cookies, ice cream",2.0,3.0,1.0,I try to eat as healthy as possible. 3 meals a day that are well-balanced.,1,1.0,5,5,2.0,1.0,1,1.0,"Pizza, Pasta, Chicken",1,4,4,3,2,"high protein, low fat, low carbs and sugar","High protein, low fat",6.0,2,5,1.0,1.0,"pasta, chicken, vegetables",Legal assistant,4,2,3,2.0,1.0,Ice Hockey,4,1,210
2.6,1,1,4.0,980.0,2,"carrots and ranch, pretzels, dark chocolate ",3.0,3.0,2.0,"High in protein, fruits, and veggies. Low in fats.",1,,4,4,3.0,1.0,1,1.0,"chicken tenders, pasta, mac&cheese ",1,5,3,4,8,"high protein, fruit, veggies, low carbs and fat",My ideal diet is my diet. ,5.0,4,4,8.0,2.0,"chicken and pasta, homemade pizza, lasagna ",dietitian ,4,1,3,2.0,1.0,rowing ,5,2,180
3.5,1,1,3.0,420.0,1,"cookies, nutella, ice cream, coffee, fruit ",2.0,1.0,1.0,"I eat fruit and vetagables with every meal. I only drink water, no soda. I tend to stay away from greasy food. ",1,1.0,3,3,2.0,1.0,4,3.0,"chicken stir fry, spaghetti, chicken parmesan ",1,5,2,4,3,Meal prep'd foods with food from each section on the food pyramid. ,"I want to eliminate all the junk food I ate. Besides that, I want to keep my diet the same. ",2.0,3,5,1.0,2.0,1. pasta 2. spaghetti 3. chicken and rice ,CNA ,4,1,2,4.0,1.0,Volleyball,5,1,140
3.2,1,1,,315.0,2,mac and cheese,2.0,2.0,2.0,"I don't follow a diet, I eat whatever I want",2,1.0,11,3,3.0,2.0,1,3.0,"Mac and Cheese, Chicken nuggets",1,3,2,3,3,vegtables,"No, diet",6.0,1,5,3.0,2.0,"Lasagna, Steak, Pasta ",Periodontist,1,2,5,2.0,2.0,,3,2,112
3,1,1,3.0,420.0,1,"Chocolate, Popcorn, Icecream",3.0,2.0,1.0,"My current diet usually includes at least one serving of vegetables per day, and I usually am eating fruits and whole grain things. ",1,2.0,3,2,3.0,,5,1.0,Mac and cheese ,1,5,1,4,3,"Milk for a drink, meat, a grain, vegetable, fruit for dinner",My ideal diet is my mom's home cooking. It's always healthy and organic. ,4.0,3,5,3.0,2.0,"mac and cheese, pizza, chicken ",business,4,1,3,2.0,1.0,tennis  ,5,1,125
3.6,1,1,2.0,420.0,1,"Ice cream, cake, mozzarella sticks, pierogies ",2.0,4.0,1.0,I typically try to eat healthy but being away at school makes it harder. I try to avoid junk food as well and trying to only eat it on the weekends.,2,2.0,3,3,2.0,2.0,1,1.0,"Mac&Cheese, Chicken Nuggets ",1,5,2,2,2,"It has protein, vegetables and some carbs ",I would like to get more protein in me. I would also like to eat healthier more consistently rather than here and there. ,5.0,2,4,2.0,2.0,"Lasagna, Pizza, Pasta ",Project Manager ,2,2,4,2.0,1.0,"Recreational Basketball, Equestrian Team",5,2,144 lbs
3.2,1,1,3.0,315.0,1,"Chips, Mac and cheese, pizza, French fries ",1.0,3.0,1.0,My current diet is balanced and includes food from all the food groups. ,1,2.0,3,1,3.0,1.0,1,1.0,"Pasta, pizza, meatballs ",1,5,1,3,8,"Balanced between protein, veggies, and carbs",My ideal diet is a diet that makes me feel good but also allows me to eat junk food once in a while. ,6.0,2,5,8.0,2.0,"pasta, chicken parm, tacos ",school teacher,3,1,4,3.0,1.0,soccer,5,2,145
3.67,1,2,4.0,420.0,2,"Pizza, burritos, slim jims",2.0,2.0,,I am not vegetarian. I love red meat like steak and salami. I try to limit the amount of carbs I eat,2,2.0,3,2,3.0,2.0,1,1.0,"Steak, Garlic and butter noodles, schnitzle",1,3,3,1,3,"Well portioned meat, veggies, and fruits. Water instead of a sugary drink like pop. ",My ideal diet would be cutting out red meats and sticking to leaner meats like turkey or chicken. Also keeping refined carbs out of my diet would be ideal.,6.0,1,5,3.0,2.0,"Steak, pasta, burgers",Homemaker,4,1,3,3.0,2.0,,5,1,130
3.73,1,1,3.0,980.0,2,"Broccoli, spaghetti squash, quinoa, and grilled chicken",2.0,3.0,1.0,Healthy and light,1,1.0,8,1,2.0,2.0,1,1.0,Pizza and Spaghetti,2,5,3,5,3,"A vegetable, a protein, and a fruit",Healthy and light,3.0,5,5,2.0,2.0,"Pizza, Italian, anything chicken related",Stay-At-Home Mom,2,1,3,3.0,1.0,Rec Volleyball,5,1,140
4,1,1,,420.0,2,"Chocolate, ice cream, cookie dough",2.0,2.0,1.0,"My meals consist of a vegetable, a meat and usually a carbohydrate. I eat a lot of fruit and snack in between meals on little things.",1,1.0,11,1,2.0,1.0,1,1.0,Spaghetti ,2,5,3,3,5,"A balanced meal with a protein, carbohydrate and a vegetable.","I would like to eat less carbohydrates, such as pasta and breads. I wish I knew how to incorporate healthier alternatives to the foods I eat.",5.0,4,5,2.0,2.0,"Spaghetti, steak, or chicken",Social Services,4,1,6,4.0,1.0,Softball,5,1,140
3.1,2,2,3.0,980.0,2,"pizza, pretzels, fruit snacks, deli sandwhich",2.0,3.0,1.0,I eat somewhat healthy. The food at egan is not the best.,2,2.0,3,1,2.0,2.0,0,2.0,Pizza Mac n Cheese Pasta,1,5,1,2,3,salad,I would like to consume a lot more meat and protein. I want to consume more fruit.,5.0,3,5,2.0,1.0,"Pasta, Steak, Chicken",Runs a Daycare,2,1,2,3.0,2.0,,5,1,140
3.79 bitch,2,1,4.0,420.0,2,"Chips, ice cream",2.0,1.0,1.0,I have a diet of meats and other high protein foods. ,2,2.0,12,4,3.0,1.0,2,1.0,Pizza,1,3,2,3,1,"Protein source, vegetables, fruits, whole grains",A balanced diet with each food group. Getting enough protein and carbohydrates.,6.0,1,5,2.0,2.0,"chipotle, chick fil a, chicken and rice",Customer Service,5,1,3,3.0,1.0,baseball,4,1,200
2.71,2,2,2.0,420.0,1,,9.0,2.0,4.0,,4,2.0,4,1,3.0,2.0,0,2.0,,1,4,3,3,8,,,3.0,3,3,10.0,4.0,"rice and Chicken, sea food",,2,3,5,3.0,2.0,,4,2,
3,1,1,3.0,420.0,2,"mac and cheese, potato soup, ice cream, chips and cheese",3.0,3.0,1.0,I normally eat a salad every day. I try to get at least every food group into my diet,1,1.0,3,2,2.0,1.0,1,1.0,"salad, chicken, pizza",1,5,1,3,6,"grilled meat, fruit, vegetable, and some grains",Eating all fruits and vegetables. Staying away from all the unhealthy foods.,5.0,4,5,9.0,2.0,"Chicken, Spaghetti, Hamburgers",RN,4,2,4,3.0,2.0,I danced in high school,4,1,120
3.7,1,2,3.0,420.0,1,"chocolate, pizza, and mashed potatoes",2.0,2.0,1.0,Current diet is rather poor.  I eat a lot of chicken and carbs.  I also tend to eat a lot of desserts.,2,2.0,3,2,2.0,2.0,5,3.0,"pizza, mashed potatoes, chocolate chip cookies",1,4,4,2,4,a plate that has a variety of colors not just one color,"My idea diet would consist of eating more balanced diet consisting of fruits, vegetables, and meat.  I would like to not eat so much unhealthy junk food/desserts.",3.0,1,5,4.0,1.0,"chicken, steak, pizza",program director,3,1,3,4.0,1.0,horse back riding,2,2,150
3.1,2,2,2.0,420.0,1,Pizza cookies steak ,2.0,2.0,1.0,Meat carbs and candy ,2,2.0,13,2,2.0,2.0,5,2.0,Pizza and wings ,1,3,4,1,4,Meat and potatoes ,Meat carbs and candy ,3.0,1,4,5.0,2.0,"Steak, Pizza, Haddock ",Programs coordinator ,1,1,3,3.0,1.0,Basketball ,2,2,200
3,1,1,3.0,420.0,2,"chocolate, fruit, and ice cream",1.0,2.0,1.0,"At school its hard but usually a granola bar and fruit for breakfast, a wrap for dinner or lunch, and then veggies and hummus.",3,1.0,2,2,2.0,1.0,4,1.0,"tacos, pizza, chicken wing dip",2,5,2,4,8,"good portions of fruit, protein, veggies and carbs",To eat moderations of every food group each day and no processed food,5.0,3,4,8.0,2.0,"mexican chicken, hibachi chicken and rice, steak",self employed,4,1,3,3.0,1.0,competitive skiing,4,1,135
3.9,2,1,3.0,420.0,2,Chips sweets popcorn,2.0,5.0,1.0,No diet. I eat what makes me feel good,2,2.0,7,1,3.0,1.0,4,1.0,Sloppy joes,1,5,1,5,1,All food groups,Whatever makes me feel good. Doesnt cost a fortune. ,6.0,4,5,3.0,1.0,"Chicken and vegetables, Roast Beef, pasta",none,4,1,3,2.0,1.0,"Rowing, Running, and Cycling",4,2,145
3.4,1,1,2.0,420.0,2,"Cookies, burgers, chicken noodle soup, ice cream",7.0,3.0,1.0,If there is berries I will eat them.  Eat any kind of pasta.  Hate cooked vegetables,2,2.0,3,3,2.0,2.0,1,3.0,"Spaghetti and Meatballs, Steak, and Burgers",1,3,1,3,4,"All of the food groups(carbs, veggies, fruits,etc)",More fruits and Veggies.  Less carbs,4.0,3,5,1.0,1.0,"Salad, pasta, and ice cream",Legal Secretary,2,1,3,3.0,2.0,,2,1,130
3.5,1,2,3.0,420.0,1,"cake, French fries, chicken nuggets",2.0,3.0,1.0,"I eat fruits, dairy and carbs ",2,2.0,3,3,3.0,1.0,1,1.0,"chicken fingers, pasta, pizza",1,4,4,4,2,all elements of food pyramid,a colorful diet,4.0,4,5,2.0,2.0,"steak, mashed potatoes, vegetables ",secretary ,2,3,5,4.0,1.0,softball and basketball,2,2,190
3.7,1,1,,315.0,2,"pizza, ice cream, cookies",2.0,,1.0,I eat two-tree meals per day. Always eat a breakfast. ,4,2.0,3,5,3.0,1.0,1,1.0,spaghetti and tacos,1,3,3,3,8,lots of colors,A good breakfast. A healthy lunch and dinner.,3.0,3,5,7.0,1.0,"pizza, tacos, pasta",works in Loans department in First National Bank,3,2,3,3.0,1.0,wrestling,3,2,170
3.7,1,1,3.0,420.0,2,"Mashed potatoes, pasta",2.0,2.0,1.0,I eat healthy as well as unhealthy. I try to keep a balanced diet but often eat junk food with friends.,2,1.0,2,2,,,2,1.0,Spaghetti or  chicken panini sandwich ,1,4,1,5,4,Has fruits vegetables and or some type of meat ,Delicious but also very healthy for you. Low in carbs but does not delete carbs all together.,1.0,5,5,1.0,,"Spaghetti con Chorizo, Carne Asada, Salmon",Janitor,3,2,2,3.0,1.0,Marching Band,4,2,127
3.83,1,1,3.0,420.0,2,"Pasta dishes, Cheesecake, Pancakes",3.0,1.0,1.0,I eat a paleo based diet high in protein and low in fat. I stay away from processed foods as much as I can.,1,2.0,5,2,3.0,1.0,2,3.0,Spaghetti and Pop-tarts,1,5,2,5,9,Mostly vegetables and plenty of lean protein and healthy fats to keep you full,Staying away from processed foods completely and incorporating more plant proteins opposed to meat proteins would be ideals.,5.0,5,5,9.0,2.0,"Stuffed chicken breasts, spagetti carbonara, breakfast for dinner ",Yoga Instructor ,5,1,3,2.0,1.0,Collegiate Water Polo,5,1,167
2.6,1,1,3.0,315.0,2,"Ice cream, pizza, cookies",1.0,3.0,1.0,I try to eat something light for breakfast like cereal or an apple. For lunch I eat sandwiches or pasta also something somewhat light and I eat however much I'm hungry for at dinner. Sometimes I try to be healthy with a salad or something and then I get dessert ,3,2.0,2,3,2.0,3.0,4,3.0,"Pasta, breakfast for dinner, pizza",1,5,1,4,7,"Lots of Greens, meat and water","Healthy smoothies for breakfast, healthy sandwich for lunch. For dinner, something wholesome and also healthy. Then a light dessert.",6.0,2,5,7.0,2.0,"Pasta, breakfast for dinner, pizza",Nurse,3,2,3,3.0,2.0,None right now,4,1,140
3,1,1,3.0,420.0,2,"Chinese food, moes, sponge candy, homemade lasagne ",2.0,2.0,1.0,Eat fruits and vegetables daily and with almost every meal. Diet mostly consists of meat as well. ,1,2.0,5,1,3.0,2.0,4,3.0,"peanut butter and jelly, celery and peanut butter, hot pockets ",1,5,1,4,3,Small portion of meat with majority fruits or vegetables ,More organic food. Want to try and add more seafood into my diet.  ,6.0,4,5,1.0,1.0,"Pizza, Chicken and rice and pasta",Sales Manager at Business First,5,1,3,4.0,1.0,"volleyball, lacrosse",4,1,190
3.2,2,1,3.0,420.0,1,"pizza, pasta, mac and cheese",3.0,4.0,1.0,I try to eat healthy but sometimes drink soda pop and I enjoy desserts. harder to eat healthy when I am at school. ,2,2.0,3,2,2.0,1.0,5,2.0,pizza,1,4,2,1,5,lots of variety and veggies,Eating healthy with lots of water and natural foods. ,6.0,1,5,4.0,1.0,"Pasta, pizza, and chicken",principal ,2,1,3,4.0,1.0,field hockey,4,1,155
3.5,2,2,4.0,980.0,2,"Little Debbie snacks, donuts, pizza",9.0,,1.0,High protein and high carbs with fruits and vegetables as needed,2,2.0,5,1,2.0,1.0,2,1.0,"Quesadilla, chocolate, steak",1,4,3,5,7,"High protein, high carbs , vegetables ",Same as current diet ,2.0,5,5,1.0,1.0,"burritos, pasta, chicken",home cleaner,5,1,4,2.0,2.0,,4,1,175
3.2,1,1,3.0,420.0,2,"carrots, plantain chips, almonds, popcorn ",1.0,3.0,,"i currently eat a lot of salad, but do not eat 3 times a day nor eat breakfast ",2,1.0,5,2,2.0,1.0,4,1.0,"Jollof Rice, Bread, pasta ",2,5,3,4,7,"Healthy meal for me is a food rich in protein, fiber, some sort of carbohydrates",it would be a vegetarian diet without any red meat ,3.0,5,5,1.0,1.0,"Rice with vegetables, chicken with pasta, salad",A teacher ,5,2,3,3.0,2.0,none ,5,1,129
3.68,2,1,4.0,420.0,2,"chips, ice cream, fruit snacks",2.0,4.0,,I used to eat whatever but since i've come to college i try to eat fruits and vegetables everyday. I also avoid fried foods.,1,2.0,5,2,3.0,1.0,1,1.0,"Chinese food, pizza, chicken adobo",1,5,1,4,7,"half a plate of protein, quarter of a plate of carbs and the other quarter fruits or veggies.","My ideal diet would be no processed food or fried food. Also, very low in excess carbs and high in protein.",6.0,3,5,8.0,1.0,"any Chinese food, pasta, burgers",Secretary ,2,1,4,4.0,1.0,Fotball,4,1,260
3.8,1,2,2.0,420.0,2,"Macaroni and cheese, chicken noodle soup, pizza",2.0,2.0,1.0,I eat very basic foods like pizza and pasta. I don't try many new things. ,2,2.0,3,3,2.0,2.0,5,3.0,"Pasta, chicken, pizza ",1,2,3,1,5,Very colorful and smaller portions of the unhealthy food with larger portions of vegetables ,Ideally I would eat more fruits and vegetables in my diet along with some junk food. ,6.0,1,4,2.0,2.0,"Pasta, chicken, pizza ",Teacher,3,3,3,3.0,2.0,crew,1,2,135
3.3,2,2,,420.0,2,"Chocolate, Chips, Ice cream, French Fires, Pizza",1.0,2.0,1.0,My diet consists of high levels of meats with some vegetables. Coexisting with varying levels of sugars ,2,2.0,5,5,2.0,3.0,5,1.0,"Steak, Chicken Tenders, Pizza",1,1,3,1,8,Chicken Salad with Pita Chips,A balance between meats and vegetables with less sugar,3.0,1,5,1.0,2.0,"Chicken, Pork Chops, Steak",Customer Service Representative ,2,1,3,4.0,1.0,"Football, Basketball, Volleyball, Golf",4,2,190
3.2,2,1,,420.0,2,"Mac and cheese, lasagna, Chinese food ",2.0,4.0,1.0,Very poor. Heavy carb consumption. ,2,2.0,2,2,3.0,3.0,1,1.0,"Spaghetti, Italian potato soup",1,4,1,4,6,"Fruits, vegetables, meat ","Alot of fruits and veggies. Meat and bread. Water, because hydration is important kids",4.0,5,5,6.0,1.0,"Salmon, hamburger surprise, Italian potato soup",Stay at home mother,1,1,4,3.0,2.0,,5,2,165
3.75,2,1,3.0,420.0,2,"candy, Chinese, mcdonalds",5.0,2.0,,Complete diet. protein vegetables and carbs,1,2.0,3,2,,1.0,1,1.0,"steak, spaghetti, salmon",1,5,4,5,7,steak or salmon with broccoli or asparagus and brown rice or quinoa,High protein with lots of vegetables and fruit,6.0,5,5,6.0,2.0,"salmon, steak, spaghetti squash",teacher,4,1,3,3.0,1.0,"hockey, soccer, golf",5,1,175
3.5,2,1,,420.0,2,"Doritos, mac and cheese, ice cream",2.0,3.0,1.0,"I eat usually 2 times a day, either breakfast and dinner or lunch and dinner.  I feel that is enough for me.",2,2.0,2,2,3.0,1.0,5,3.0,Macaroni and Cheese,1,4,3,4,10,a balance of Meat and vegetables,I like the diet I have now.  I could eat 3 times a day but I feel healthy as is.,5.0,3,5,10.0,2.0,"Pasta, fish, steak",Treasurer,3,1,3,2.0,1.0,Wrestling,4,2,184
3.92,2,1,3.0,420.0,2,"Ice cream, cake, pop, pizza, and milkshakes.",7.0,2.0,2.0,Currently whatever Egan has at the moment.,2,2.0,5,2,2.0,2.0,1,3.0,Pizza,1,3,1,3,2,Modest proportions of many different food groups.,"Variety of fruits, vegetables, and meats in healthy proportion.",6.0,3,5,8.0,1.0,"Pizza, chicken, pasta",Special Ed Teacher,2,2,3,6.0,2.0,Soccer,2,1,210
3.9,1,1,3.0,420.0,2,"Mac and Cheese, Pizza, Ice Cream and French Fries ",2.0,3.0,1.0,I try to maintain a healthy diet. I always try to eat foods that are beneficial to my health and that will impact me in the long run.,1,2.0,5,2,2.0,1.0,1,1.0,"Chicken Parm, Spaghetti, and Grilled Cheese",1,5,2,2,1,It combines a protein with other elements of the diet such as vegetables and other items that support the body.,"I want to aim to eat foods that are healthy and nutritious. Since I workout a lot, I want to eat foods that will replenish the nutrients my body needs in order to function. ",5.0,2,5,1.0,1.0,"Chicken Parm, Baked Ziti, Shrimp Alfredo ",Accountant ,4,1,5,3.0,1.0,Running ,5,2,155
3.9,2,1,3.0,315.0,1,"Soup, pasta, cake",3.0,4.0,6.0,Somewhat unhealthy. This is due to my hectic work and school schedule.,2,2.0,5,5,3.0,2.0,1,,"Chicken parmigiana, wedding soup, pasta",1,5,4,5,8,"Well balanced with protein, fruits, vegetables, starch, etc.",My ideal diet would be one that is well balanced. It would include lots of fruits and vegetables.,6.0,5,5,1.0,2.0,"Chicken parmigiana, pasta, wedding soup",Homemaker,3,3,6,4.0,1.0,Tennis,4,1,185
3.2,1,1,4.0,420.0,1,"mac & cheese, frosted brownies, chicken nuggs",3.0,4.0,2.0,"i drink alot of lemon water, and milk. i also eat ice cream frequently after dinner. but i also eat lots of fruits and veggies",2,1.0,5,3,2.0,,1,1.0,"chicken, macaroni & cheese, cheesy potatoes",1,5,1,3,3,"lean meat, fresh fruits & veggies",ideal diet would be less sweets and carbohydrates. ,4.0,1,5,2.0,2.0,"chicken alfredo, chicken parmesan, spaghetti",certified accountant,2,1,3,3.0,1.0,softball,5,1,165
3.5,1,1,3.0,,2,"watermelon, grapes, ice cream",3.0,3.0,1.0,I typically eat very healthy. i consume fruits and vegetables in about every meal. ,1,1.0,3,2,2.0,2.0,1,1.0,"Spaghetti, Tuna noodle casserole, Italian sausage",1,5,1,5,2,"water, fruits, vegetables, protein, carbs","Although I don't eat junk food very often, i would love not to have those days where I eat a lot. ",2.0,5,5,1.0,2.0,"spaghetti, steak, lasagna ",nothing ,2,1,2,2.0,1.0,"Volleyball, Track",5,2,125
3.4,1,1,,420.0,2,"macaroni and cheese, stuffed peppers, hamburgers, french fries",2.0,3.0,1.0,At this time it is very touch and go. Some days I live on sandwiches and ice cream while other days I eat lots of fruits and vegetables. ,2,2.0,11,2,2.0,3.0,4,3.0,"chicken nuggets, macaroni and cheese",1,5,1,5,3,More vegetables and fruits as opposed to meat and bread/potatoes,"If at all possible, I would like to be able to eat a lot healthier. I would like to eat more fruits and vegetables with the hope of eventually going vegetarian.",5.0,4,5,3.0,1.0,,social worker,4,1,2,5.0,2.0,,5,2,160
,1,1,4.0,420.0,2,"Pizza, mashed potatoes, spaghetti",3.0,2.0,1.0,"A very healthy diet. Avoiding junk foods, and any white breads. ",1,2.0,5,3,3.0,1.0,1,3.0,Pizza,1,5,2,2,7,"A protein, veggies, and a carb","A very healthy diet, with the occasional splurging on junk foods. ",,1,5,7.0,1.0,,Secretary,5,2,3,4.0,2.0,,5,1,135
3.7,1,1,3.0,420.0,2,"dark chocolate, terra chips, reese's cups(dark chocolate), and bread/crackers with cottage cheese",8.0,2.0,1.0,I have been eating mainly proteins and some fruits and vegetables every day with some less healthy snack foods.  ,1,1.0,3,2,2.0,2.0,8,1.0,Tortellini and Broccoli with parmesan cheese and homemade breaded chicken with sweet potato,1,5,3,3,4,"Salmon, sweet potato, and larger portion, but equally spread of broccoli, squash, zucchini, carrots, and tomatoes.","I would like my diet to fulfill all the colors of the rainbow, with mainly fruits and vegetables as the primary source of intake, and about one fourth intake of proteins, and little to no snacks per day.  ",4.0,5,5,8.0,1.0,"Spaghetti and pasta, seasoned salmon with steamed or boiled broccoli, or soup with ritz crackers if I was busy that day.",Respiratory Therapist,4,2,3,6.0,2.0,"When I can, rarely though play pool, darts, and basketball.",5,1,130
Unknown,1,1,3.0,420.0,2,"Chips, chocolate, ,mozzarella sticks ",2.0,4.0,1.0,"High in carbs, but I have recently tried to cut down on fats, salt, and sugars. I choose more organic options as well as more fruits and vegetables. ",2,2.0,2,2,2.0,,1,3.0,"Chicken Marsala, Manicotti, Mashed Potatoes",1,4,1,3,9,"Vegetables, white meat, and a starch like potatoes, water, and fruit for dessert ","A low car, low fat diet with no red meat and lots of plant-based things. I would like to cut red meat out entirely and also cut down on processed snack foods. ",5.0,3,5,3.0,1.0,"Pasta, Burgers and Fries, Chicken Marsala",Substitute Secretary,4,2,4,5.0,2.0,None at the moment,5,1,230
3,1,1,3.0,420.0,2,"ice cream, chips, candy",2.0,3.0,1.0,"Since I am a college student I rarely cook full meals with protein, vegetables and starch. I usually just heat up leftovers from a restaurant or go eat casual food at the dining hall.",2,2.0,10,3,,2.0,1,3.0,"hot dogs, chicken fingers, mashed potatoes",1,3,4,5,2,"I think a healthy meals includes some kind of protein, preferably meat, vegetables, and a starch such as potatoes or rice","My ideal diet right now would be how it was when I lived at home. I ate breakfast every morning, brought a lunch to school, and had a home cooked meal by my mom that included meat, vegetables and a starch. ",4.0,3,5,1.0,2.0,"Chicken rice and asparagus, pizza, something easy in the crockpot",Insurance Coordinator,2,1,5,3.0,1.0,volleyball,2,2,125
3,1,1,3.0,315.0,2,"Pizza, soda, chocolate brownie, chicken tikka masala and butter naan ",,2.0,,"It is pretty balanced with a diverse mixture of proteins, carbohydrates, vitamins and minerals. Fruits and chicken dominate my diet. ",1,1.0,12,5,,2.0,4,1.0,"Chicken Biryani, Dad's burgers, Chicken curry",1,5,1,5,7,A healthy meal constitutes of balanced diet with fruits and veggies dominating the plate. ,My ideal diet would getting to eat small portioned meals in every 2-3 hours. ,1.0,5,5,6.0,1.0,"Marinated nuts, prawn crackers, drink of their choice, mixed veggie crackersRice, chicken curry, lentil, pickle, potato kebabLemon Meringue Pie",Supervisor,4,1,3,4.0,2.0,,5,2,130
3.8,1,1,3.0,420.0,1,"Chocolate, Pasta, Cookies",,2.0,1.0,I try to eat a balanced meal. I refrain from anything too fatty. ,1,1.0,2,2,2.0,1.0,1,3.0,dino chicken nuggets,1,4,2,3,5,To me a healthy meal is balanced and ,I would like to try to eat vegan. ,4.0,3,5,4.0,1.0,"Pasta, Croque Madam, chicken ",Travel Agent,2,1,3,4.0,2.0,I used to play softball ,4,2,165
3.8,1,1,2.0,420.0,2,"Candy, salty snacks, toast",,5.0,1.0,moderately health conscious ,1,2.0,2,2,3.0,1.0,1,2.0,Spaghetti and chicken parm,1,5,2,2,6,"equal portions of carbs, proteins and fruits/veges","Small portions, healthy foods",6.0,5,5,5.0,2.0,"Steak, salmon, chicken parm",Real Estate,4,2,3,3.0,1.0,Ice hockey,5,2,128
3.4,1,1,3.0,420.0,2,"Mac in cheese, pizza, mozzarella sticks ",,2.0,1.0,"protein, carbs, less fruits and vegetables, some sweets ",2,2.0,5,3,2.0,3.0,1,2.0,Chicken parm. ,1,4,2,2,5,Salad with chicken and vegetables with a raspberry vinaigrette ,Much more vegetables and lean protein,6.0,1,5,1.0,1.0,"Spaghetti, Grilled Chicken, Pizza ",School Library Media Specialist ,4,2,3,5.0,2.0, None,3,1,200
3.7,1,1,3.0,315.0,1,"Ice-cream, pizza, chocolate",,3.0,2.0,I eat at least 2 times a day at the universities dining places. I also sometimes cook myself and try to eat healthy a majority of the time. ,2,1.0,3,4,3.0,2.0,1,1.0,Spaghetti,1,3,4,4,8,"It includes a protein, vegetable, fruit, and grain. ",I hope to continue to eat healthy and cook more on my own. I want to incorporate more fruits and vegetables. ,3.0,3,5,9.0,2.0,"Grilled chicken, Spaghetti, Alfredo ",Deceased,3,2,4,3.0,1.0,Volleyball,3,2,160
2.9,2,1,2.0,980.0,2,"snacks, chips, ",,2.0,,some healthy food and also some not so healthy.,1,2.0,5,2,2.0,2.0,0,1.0,"Pizza, Pita, Lasagna",1,3,3,5,9,low calories plenty of veggies,more healthy food such as vegetables than bad food such as burgers.,5.0,1,3,7.0,1.0,,,4,1,6,3.0,2.0,,3,2,170
3.9,1,1,4.0,315.0,2,"Chocolate, Ice cream, pizza",,1.0,1.0,I eat a lot of proteins and fruit and vegetables. I try to stay away from carbohydrates and sugary foods.,1,1.0,5,4,3.0,1.0,1,3.0,"Mac & Cheese, Chicken, Stir Fry ",1,5,4,5,10,A pice of meat such as chicken with a side of vegetables and possibly a salad,I wouldn't want or crave any sweets or breads.I would be satisfied with protein and fruit and veggies. ,6.0,5,5,9.0,2.0,"Dinner, Lunch, Dessert ",Fourth Grade Teacher ,4,2,3,3.0,2.0,,3,2,129
3.6,1,1,2.0,420.0,1,"ice cream, pizza, Chinese food ",,2.0,1.0,"My current diet would be considered a ""college diet"". I eat a lot of pizza and ramen noodles. ",2,2.0,2,3,2.0,2.0,1,1.0,Mac and Cheese ,1,4,4,3,9,"Blackened Chicken, broccoli, and milk",My ideal diet would be a healthy diet. I would eat meats and veggies. ,6.0,2,5,1.0,2.0,"Beef Stroganoff, Chicken and Mashed Potatoes, Tacos ",Accountant ,4,2,3,4.0,2.0,,2,2,170
2.8,2,1,3.0,315.0,2,"Burgers, indian and korean food",,3.0,4.0,Not very healthy,2,2.0,10,3,3.0,2.0,4,3.0,"Dumplings, Chicken Curry and Pizza",1,4,2,3,7,"Meat, greens and food containing protein",Healthy and tasty,3.0,5,4,7.0,2.0,"Meat, meat and meat","Works in WWF, world wild life fund",3,1,5,1.0,1.0,"Tennis, Basketball",3,2,138
3.3,2,1,4.0,980.0,2,"chocolate bar, ice cream, pretzels, potato chips and protein bars.",,4.0,1.0,I currently eat an abundance of carbohydrates. I have a low intake of protein. I overly intake calcium.,2,2.0,3,2,2.0,1.0,0,3.0,"Pasta, Pizza, Popcorn",1,5,1,1,10,Intaking the proper amount of each food group,"My ideal diet would be an equal balance of all the food groups. I would like to eat more protein. Also, i would prefer to cut back on the junk food.",6.0,1,4,10.0,2.0,"Pasta, Chicken, Pizza",Health teacher,1,1,5,2.0,1.0,Hockey,2,2,150
3.4,1,1,,420.0,2,"Ice cream, chocolate, pizza, cucumber ",,3.0,,"It is very unbalance. Mostly fat food, Lack of vegetables.",2,1.0,3,4,3.0,2.0,4,2.0,"Fry Chicken, Rice Vegetable",1,5,1,1,5,BBQ Chicken with mash sweat potatoes and steam vegetable with corn and a glass of water.,Very healthy. Freshly done. properly cooked,1.0,3,5,2.0,1.0,"Rice and Peas and Chicken, Jerk Chicken and Shrimp",Business Woman,2,2,3,4.0,2.0,none,5,1,170
3.77,1,1,,315.0,2,"Noodle ( any kinds of noodle), Tuna sandwich, and Egg.",,3.0,4.0,I eat in dining hall of school everyday. I usually have both meat and a little vegetable in every meal. ,1,1.0,5,2,2.0,,4,3.0,"Noodle, Wings, and Tiramisu",1,3,2,2,9,Including both vegetable and meat,My ideal diet should include both vegetable and meat. It is not only healthy but also delicious. ,2.0,2,4,7.0,1.0,"Vietnamese fried rolls, Pho, Some kinds of noodles.",Her own business,2,1,2,4.0,2.0,"No, I don't play sport.",3,1,113
3.63,1,1,3.0,420.0,1,"Chinese, chips, cake",,3.0,1.0,Try to eat as healthy as possible. A few days where fast food comes into play because of classes. ,2,1.0,5,2,2.0,2.0,5,1.0,Chinese,1,5,2,3,5,Chicken vegetables and fruit for dinner ,All home cooked. Healthy. Vegetables and fruit. ,3.0,3,5,8.0,2.0,Chinese tacos or pasta ,Grieveance coordinator of the SCI albion prison ,2,3,4,4.0,2.0,,5,2,140
3.2,2,1,3.0,420.0,2,"chips, rice, chicken curry,",,2.0,5.0,"My diet is mostly whatever I get to eat in the grotto commons. Sometimes, I eat outside",2,1.0,5,2,2.0,2.0,8,3.0,"pizza, burger, pasta",1,5,4,5,7,A diet that is well balanced in most of the nutrients needed for the body.,Healthy balanced diet that tastes well.,2.0,5,5,6.0,2.0,"Chicken, Rice, Vegetables",Banker,2,1,3,4.0,1.0,Soccer,5,2,185
3.5,1,1,4.0,420.0,2,"wine. mac and cheese, pizza, ice cream ",,3.0,1.0,"My diet consists mainly of coffee, water, fruits, vegetables, and chicken. I tend to stay away from bread and pasta as much as possible. ",2,2.0,3,2,1.0,2.0,1,1.0,Stromboli Mac and Cheese and Pizza,1,5,4,5,5,mainly protein and vegetables with a complex carb ,"My ideal diet would consist of a majority of what I consume now. I like to think I make pretty healthy choices currently, so it would most likely remain the same.",4.0,3,5,7.0,1.0,"pasta, fish, steak",Radiological Technician ,5,1,4,4.0,1.0,Softball,5,1,156
3,1,1,2.0,315.0,2,Pizza / Wings / Cheesecake,,3.0,,A college student with an imbalanced diet trying to be healthy.,2,1.0,3,4,3.0,2.0,2,1.0,"Isombe , Plantains and Ugali",1,4,4,1,5,"A healthy meal is a variety of food , organic food that gives you the nutrients such as protein , carbohydrates , fat , water , vitamins and minerals.",Eating home cooked meals everyday and being able to not eat processed foods at all.,2.0,5,5,7.0,1.0,"Fried Rice Baked potatoes Curry Chicken",Public Health Advisor ,3,3,4,4.0,,basketball ,5,2,180
3.882,1,1,,420.0,1,"rice, potato, seaweed soup",,3.0,,"Rice, oatmeal, and tea",2,1.0,3,3,3.0,2.0,4,1.0,Rice and potato,1,4,3,5,6,lots of vegetables,lots of veggies,2.0,5,3,10.0,1.0,"meat, rice, kimchi",Real Estate manageer,3,2,4,4.0,2.0,none,4,2,120
3,2,1,4.0,420.0,1,"Mac n Cheese, Lasagna, Pizza",,3.0,1.0,"I try to eat as healthy as possible everyday.  I have fruit, yogurt and a protein shake everyday.  The other foods i eat vary on a day to day basis.",1,2.0,8,5,2.0,1.0,1,3.0,pizza and spaghetti ,1,5,1,1,1,"A protein, a fruit, a starch, and a salad or some sort of vegetable.",My ideal diet is the diet i am currently on.  The only thing i would change is a little bit less snack/junk food.,4.0,1,5,1.0,1.0,"Pizza, Spaghetti, Baked Ziti",Receptionist for a medical supply company,4,2,3,2.0,2.0,,3,1,135
3.9,1,1,,315.0,2,"Chocolates, pizza, and Ritz.",,,3.0,high in protein and low in carbohydrates.,1,1.0,5,1,2.0,2.0,2,1.0,"rice, beans, and chicken / pizza/ tenders",1,3,3,2,3,"a cup of rice, vegetables, and meat. ","Being able to balance between sweets, vegetables, fruits, carbohydrates, and fat.",5.0,2,3,5.0,2.0,"Vegetables, Meat, and rice.",House-wife,5,3,3,3.0,2.0,,4,2,135
